[
    {
      "TEAM_ID": 1610612760,
       "color":"#007dc3",
      "TEAM_NAME": "Oklahoma City Thunder",
      "TEAM_ABBREVIATION": "OKC"
    },
    {
      "TEAM_ID": 1610612757,
      "color":"#f0163a",
      "TEAM_NAME": "Portland Trail Blazers",
      "TEAM_ABBREVIATION": "POR"
    },
    {
      "TEAM_ID": 1610612752,
      "color":"#003da5",
      "TEAM_NAME": "New York Knicks",
      "TEAM_ABBREVIATION": "NYK"
    },
    {
      "TEAM_ID": 1610612756,
      "color":"#e56020",
      "TEAM_NAME": "Phoenix Suns",
      "TEAM_ABBREVIATION": "PHX"
    },
    {
      "TEAM_ID": 1610612750,
      "color": "#002b5c",
      "TEAM_NAME": "Minnesota Timberwolves",
      "TEAM_ABBREVIATION": "MIN"
    },
    {
      "TEAM_ID": 1610612761,
      "color":"#ce1141",
      "TEAM_NAME": "Toronto Raptors",
      "TEAM_ABBREVIATION": "TOR"
    },
    {
      "TEAM_ID": 1610612739,
      "color":"#6f263d",
      "TEAM_NAME": "Cleveland Cavaliers",
      "TEAM_ABBREVIATION": "CLE"
    },
    {
      "TEAM_ID": 1610612763,
      "color":"#23375b",
      "TEAM_NAME": "Memphis Grizzlies",
      "TEAM_ABBREVIATION": "MEM"
    },
    {
      "TEAM_ID": 1610612751,
      "color":"#fff",
      "TEAM_NAME": "Brooklyn Nets",
      "TEAM_ABBREVIATION": "BKN"
    },
    {
      "TEAM_ID": 1610612747,
      "color":"#702f8a",
      "TEAM_NAME": "Los Angeles Lakers",
      "TEAM_ABBREVIATION": "LAL"
    },
    {
      "TEAM_ID": 1610612758,
      "color":"#724c9f",
      "TEAM_NAME": "Sacramento Kings",
      "TEAM_ABBREVIATION": "SAC"
    },
    {
      "TEAM_ID": 1610612765,
      "color":"#003da5",
      "TEAM_NAME": "Detroit Pistons",
      "TEAM_ABBREVIATION": "DET"
    },
    {
      "TEAM_ID": 1610612762,
      "color":"#002b5c",
      "TEAM_NAME": "Utah Jazz",
      "TEAM_ABBREVIATION": "UTA"
    },
    {
      "TEAM_ID": 1610612744,
      "color":"#ffc72d",
      "TEAM_NAME": "Golden State Warriors",
      "TEAM_ABBREVIATION": "GSW"
    },
    {
      "TEAM_ID": 1610612738,
      "color":"#007a33",
      "TEAM_NAME": "Boston Celtics",
      "TEAM_ABBREVIATION": "BOS"
    },
    {
      "TEAM_ID": 1610612743,
      "color":"#418fde",
      "TEAM_NAME": "Denver Nuggets",
      "TEAM_ABBREVIATION": "DEN"
    },
    {
      "TEAM_ID": 1610612759,
      "color":"#b6bfbf",
      "TEAM_NAME": "San Antonio Spurs",
      "TEAM_ABBREVIATION": "SAS"
    },
    {
      "TEAM_ID": 1610612753,
      "color":"#007dc5",
      "TEAM_NAME": "Orlando Magic",
      "TEAM_ABBREVIATION": "ORL"
    },
    {
      "TEAM_ID": 1610612742,
      "color":"#0050b5",
      "TEAM_NAME": "Dallas Mavericks",
      "TEAM_ABBREVIATION": "DAL"
    },
    {
      "TEAM_ID": 1610612740,
      "color":"#002b5c",
      "TEAM_NAME": "New Orleans Pelicans",
      "TEAM_ABBREVIATION": "NOP"
    },
    {
      "TEAM_ID": 1610612749,
      "color":"#2c5234",
      "TEAM_NAME": "Milwaukee Bucks",
      "TEAM_ABBREVIATION": "MIL"
    },
    {
      "TEAM_ID": 1610612764,
      "color":"#0c2340",
      "TEAM_NAME": "Washington Wizards",
      "TEAM_ABBREVIATION": "WAS"
    },
    {
      "TEAM_ID": 1610612737,
      "color":"#c8102e",
      "TEAM_NAME": "Atlanta Hawks",
      "TEAM_ABBREVIATION": "ATL"
    },
    {
      "TEAM_ID": 1610612741,
      "color":"#ba0c2f",
      "TEAM_NAME": "Chicago Bulls",
      "TEAM_ABBREVIATION": "CHI"
    },
    {
      "TEAM_ID": 1610612754,
      "color":"#041e42",
      "TEAM_NAME": "Indiana Pacers",
      "TEAM_ABBREVIATION": "IND"
    },
    {
      "TEAM_ID": 1610612755,
      "color":"#006bb6",
      "TEAM_NAME": "Philadelphia 76ers",
      "TEAM_ABBREVIATION": "PHI"
    },
    {
      "TEAM_ID": 1610612766,
      "color":"#201747",
      "TEAM_NAME": "Charlotte Hornets",
      "TEAM_ABBREVIATION": "CHA"
    },
    {
      "TEAM_ID": 1610612746,
      "color":"#7484a1cc",
      "TEAM_NAME": "Los Angeles Clippers",
      "TEAM_ABBREVIATION": "LAC"
    },
    {
      "TEAM_ID": 1610612748,
      "color":"#862633",
      "TEAM_NAME": "Miami Heat",
      "TEAM_ABBREVIATION": "MIA"
    },
    {
      "TEAM_ID": 1610612745,
      "color":"#ba0c2f",
      "TEAM_NAME": "Houston Rockets",
      "TEAM_ABBREVIATION": "HOU"
    }
  ]